metric,value
log-likelihood,-165.48391296464877
AIC,344.96782592929753
BIC,366.83557378512035
RMSE,0.6425842796344893
