,State 1,State 2
State 1,0.823942868,0.160722667
State 2,-0.465011984,-0.0182016499
