,Ta,S,I
State 1,-0.00908166148,1.0998395,0.0700513629
State 2,0.855283033,7.5657655,1.35537679
