,State 1,State 2
State 1,0.14470210356906807,0.8144517173307501
State 2,0.8144517173307501,4.5841397391826515
