model,k,log_likelihood,AIC,BIC,RMSE
1D,7,-165.48391296464877,344.96782592929753,366.83557378512035,0.6425842796344893
2D,16,-125.16678710873605,282.3335742174721,332.31699788792423,0.5055853759393972
