metric,value
log-likelihood,-125.16678710873606
AIC,282.3335742174721
BIC,332.31699788792423
RMSE,0.5055853759393972
